{"stats":{"minecraft:custom":{"minecraft:jump":24,"minecraft:time_since_rest":2706,"minecraft:leave_game":1,"minecraft:crouch_one_cm":19,"minecraft:sprint_one_cm":3464,"minecraft:play_time":2706,"minecraft:time_since_death":2706,"minecraft:walk_one_cm":931,"minecraft:sneak_time":109,"minecraft:total_world_time":2706,"minecraft:fall_one_cm":894,"minecraft:fly_one_cm":6725},"minecraft:picked_up":{"minecraft:oak_log":4,"minecraft:sugar_cane":7},"minecraft:crafted":{"minecraft:crafting_table":1,"minecraft:oak_planks":16},"minecraft:mined":{"minecraft:oak_log":4,"minecraft:sugar_cane":3}},"DataVersion":3953}